,Survived,Pclass,Age,Relatives,Male,Embarked_C,Embarked_Q,Embarked_S
0,0.0,1.0,0.2711736617240512,0.1,1.0,0.0,0.0,1.0
1,1.0,0.0,0.4722292033174164,0.1,0.0,1.0,0.0,0.0
2,1.0,1.0,0.32143754712239253,0.0,0.0,0.0,0.0,1.0
3,1.0,0.0,0.4345312892686604,0.1,0.0,0.0,0.0,1.0
4,0.0,1.0,0.4345312892686604,0.0,1.0,0.0,0.0,1.0
5,0.0,1.0,0.5953757225433526,0.0,1.0,0.0,1.0,0.0
6,0.0,0.0,0.6732847449107816,0.0,1.0,0.0,0.0,1.0
7,0.0,1.0,0.01985423473234481,0.4,1.0,0.0,0.0,1.0
8,1.0,1.0,0.33400351847197784,0.2,0.0,0.0,0.0,1.0
9,1.0,0.5,0.17064589092736868,0.1,0.0,1.0,0.0,0.0
10,1.0,1.0,0.04498617743151546,0.2,0.0,0.0,0.0,1.0
11,1.0,0.0,0.723548630309123,0.0,0.0,0.0,0.0,1.0
12,0.0,1.0,0.24604171902488062,0.0,1.0,0.0,0.0,1.0
13,0.0,1.0,0.4847951746670017,0.6000000000000001,1.0,0.0,0.0,1.0
14,0.0,1.0,0.17064589092736868,0.0,0.0,0.0,0.0,1.0
15,1.0,0.5,0.685850716260367,0.0,0.0,0.0,0.0,1.0
16,0.0,1.0,0.01985423473234481,0.5,1.0,0.0,1.0,0.0
17,1.0,0.5,0.4672028147775823,0.0,1.0,0.0,0.0,1.0
18,0.0,1.0,0.38426740387031916,0.1,0.0,0.0,0.0,1.0
19,1.0,1.0,0.14802714249811513,0.0,0.0,1.0,0.0,0.0
20,0.0,0.5,0.4345312892686604,0.0,1.0,0.0,0.0,1.0
21,1.0,0.5,0.4219653179190751,0.0,1.0,0.0,0.0,1.0
22,1.0,1.0,0.18321186227695402,0.0,0.0,0.0,1.0,0.0
23,1.0,0.0,0.34656948982156316,0.0,1.0,0.0,0.0,1.0
24,0.0,1.0,0.09525006282985675,0.4,0.0,0.0,0.0,1.0
25,1.0,1.0,0.4722292033174164,0.6000000000000001,0.0,0.0,0.0,1.0
26,0.0,1.0,0.40688615229957276,0.0,1.0,1.0,0.0,0.0
27,0.0,0.0,0.2334757476752953,0.5,1.0,0.0,0.0,1.0
28,1.0,1.0,0.21588338778587585,0.0,0.0,0.0,1.0,0.0
29,0.0,1.0,0.35913546117114853,0.0,1.0,0.0,0.0,1.0
30,0.0,0.0,0.49736114601658704,0.0,1.0,1.0,0.0,0.0
31,1.0,0.0,0.4093993465694898,0.1,0.0,1.0,0.0,0.0
32,1.0,1.0,0.21588338778587585,0.0,0.0,0.0,1.0,0.0
33,0.0,0.5,0.8240764011058055,0.0,1.0,0.0,0.0,1.0
34,0.0,0.0,0.34656948982156316,0.1,1.0,1.0,0.0,0.0
35,0.0,0.0,0.5224930887157577,0.1,1.0,0.0,0.0,1.0
36,1.0,1.0,0.2395576778084946,0.0,1.0,1.0,0.0,0.0
37,0.0,1.0,0.2586076903744659,0.0,1.0,0.0,0.0,1.0
38,0.0,1.0,0.22090977632571,0.2,0.0,0.0,0.0,1.0
39,1.0,1.0,0.17064589092736868,0.1,0.0,1.0,0.0,0.0
40,0.0,1.0,0.49736114601658704,0.1,0.0,0.0,0.0,1.0
41,0.0,0.5,0.33400351847197784,0.1,0.0,0.0,0.0,1.0
42,0.0,1.0,0.3553656697662729,0.0,1.0,1.0,0.0,0.0
43,1.0,0.5,0.032420206081930136,0.30000000000000004,0.0,1.0,0.0,0.0
44,1.0,1.0,0.2334757476752953,0.0,0.0,0.0,1.0,0.0
45,0.0,1.0,0.4772555918572506,0.0,1.0,0.0,0.0,1.0
46,0.0,1.0,0.5325458657954261,0.1,1.0,0.0,1.0,0.0
47,1.0,1.0,0.21588338778587585,0.0,0.0,0.0,1.0,0.0
48,0.0,1.0,0.23598894194521236,0.2,1.0,1.0,0.0,0.0
49,0.0,1.0,0.22090977632571,0.1,0.0,0.0,0.0,1.0
50,0.0,1.0,0.08268409148027142,0.5,1.0,0.0,0.0,1.0
51,0.0,1.0,0.2586076903744659,0.0,1.0,0.0,0.0,1.0
52,1.0,0.0,0.610454888162855,0.1,0.0,1.0,0.0,0.0
53,1.0,0.5,0.35913546117114853,0.1,0.0,0.0,0.0,1.0
54,0.0,0.0,0.8115104297562202,0.1,1.0,1.0,0.0,0.0
55,1.0,0.0,0.5853229454636845,0.0,1.0,0.0,0.0,1.0
56,1.0,0.5,0.2586076903744659,0.0,0.0,0.0,0.0,1.0
57,0.0,1.0,0.35285247549635584,0.0,1.0,1.0,0.0,0.0
58,1.0,0.5,0.05755214878110078,0.30000000000000004,0.0,0.0,0.0,1.0
59,0.0,1.0,0.1329479768786127,0.7000000000000001,1.0,0.0,0.0,1.0
60,0.0,1.0,0.2711736617240512,0.0,1.0,1.0,0.0,0.0
61,0.0,0.0,0.5601910027645137,0.1,1.0,0.0,0.0,1.0
62,0.0,1.0,0.04498617743151546,0.5,1.0,0.0,0.0,1.0
63,0.0,0.0,0.6355868308620256,0.0,1.0,1.0,0.0,0.0
64,1.0,1.0,0.21442573510932394,0.2,1.0,1.0,0.0,0.0
65,1.0,0.5,0.35913546117114853,0.0,0.0,0.0,0.0,1.0
66,0.0,1.0,0.2334757476752953,0.0,1.0,0.0,0.0,1.0
67,1.0,1.0,0.20834380497612465,0.6000000000000001,0.0,0.0,0.0,1.0
68,0.0,1.0,0.32143754712239253,0.2,1.0,0.0,0.0,1.0
69,0.0,0.5,0.39683337521990447,0.0,1.0,0.0,0.0,1.0
70,0.0,1.0,0.19577783362653933,0.7000000000000001,0.0,0.0,0.0,1.0
71,0.0,0.5,0.2586076903744659,0.0,1.0,0.0,0.0,1.0
72,0.0,1.0,0.32143754712239253,0.1,1.0,1.0,0.0,0.0
73,1.0,1.0,0.39683337521990447,0.0,1.0,0.0,0.0,1.0
74,0.0,1.0,0.3088715757728072,0.0,1.0,0.0,0.0,1.0
75,0.0,1.0,0.35913546117114853,0.0,1.0,0.0,0.0,1.0
76,0.0,1.0,0.4772555918572506,0.0,1.0,0.0,0.0,1.0
77,1.0,0.5,0.005152048253329982,0.2,1.0,0.0,0.0,1.0
78,1.0,1.0,0.37170143252073384,0.0,0.0,0.0,0.0,1.0
79,0.0,1.0,0.2711736617240512,0.0,1.0,0.0,0.0,1.0
80,1.0,1.0,0.35913546117114853,0.0,1.0,0.0,0.0,1.0
81,1.0,1.0,0.21588338778587585,0.0,0.0,0.0,1.0,0.0
82,0.0,0.0,0.34656948982156316,0.0,1.0,0.0,0.0,1.0
83,1.0,0.5,0.20834380497612465,0.0,0.0,0.0,0.0,1.0
84,1.0,1.0,0.4093993465694898,0.30000000000000004,0.0,0.0,0.0,1.0
85,0.0,1.0,0.19577783362653933,0.4,1.0,0.0,0.0,1.0
86,0.0,1.0,0.4772555918572506,0.0,1.0,0.0,0.0,1.0
87,1.0,0.0,0.2837396330736366,0.5,0.0,0.0,0.0,1.0
88,0.0,1.0,0.2963056044232219,0.0,1.0,0.0,0.0,1.0
89,0.0,1.0,0.35913546117114853,0.0,1.0,0.0,0.0,1.0
90,0.0,1.0,0.24604171902488062,0.0,1.0,0.0,0.0,1.0
91,0.0,0.0,0.5727569741140991,0.1,1.0,0.0,0.0,1.0
92,0.0,1.0,0.32143754712239253,0.30000000000000004,1.0,0.0,0.0,1.0
93,0.0,1.0,0.7361146016587082,0.0,1.0,0.0,0.0,1.0
94,0.0,1.0,0.4772555918572506,0.0,1.0,0.0,0.0,1.0
95,0.0,0.0,0.8869062578537321,0.0,1.0,1.0,0.0,0.0
96,1.0,0.0,0.2837396330736366,0.1,1.0,1.0,0.0,0.0
97,1.0,0.5,0.4219653179190751,0.1,0.0,0.0,0.0,1.0
98,0.0,0.5,0.4219653179190751,0.1,1.0,0.0,0.0,1.0
99,0.0,1.0,0.34656948982156316,0.0,0.0,0.0,0.0,1.0
100,0.0,1.0,0.35913546117114853,0.0,1.0,0.0,0.0,1.0
101,0.0,0.0,0.2586076903744659,0.1,1.0,0.0,0.0,1.0
102,0.0,1.0,0.4093993465694898,0.0,1.0,0.0,0.0,1.0
103,0.0,1.0,0.4596632319678311,0.2,1.0,0.0,0.0,1.0
104,0.0,1.0,0.34656948982156316,0.0,1.0,0.0,0.0,1.0
105,1.0,1.0,0.2586076903744659,0.0,0.0,0.0,0.0,1.0
106,1.0,1.0,0.3742146267906509,0.0,1.0,0.0,0.0,1.0
107,0.0,1.0,0.4722292033174164,0.0,1.0,0.0,0.0,1.0
108,1.0,1.0,0.21588338778587585,0.1,0.0,0.0,1.0,0.0
109,0.0,0.0,0.5853229454636844,0.0,1.0,0.0,0.0,1.0
110,0.0,1.0,0.17692887660216136,0.1,0.0,1.0,0.0,0.0
111,0.0,1.0,0.2711736617240512,0.0,1.0,0.0,0.0,1.0
112,0.0,1.0,0.24604171902488062,0.1,0.0,0.0,0.0,1.0
113,0.0,1.0,0.20834380497612465,0.0,0.0,1.0,0.0,0.0
114,0.0,1.0,0.2586076903744659,0.0,1.0,0.0,0.0,1.0
115,0.0,1.0,0.8806232721789394,0.0,1.0,0.0,1.0,0.0
116,0.0,0.5,0.35913546117114853,0.1,1.0,0.0,0.0,1.0
117,0.0,0.0,0.2963056044232219,0.1,1.0,1.0,0.0,0.0
118,0.0,1.0,0.01985423473234481,0.6000000000000001,0.0,0.0,0.0,1.0
119,0.0,0.5,0.2586076903744659,0.2,1.0,0.0,0.0,1.0
120,0.0,1.0,0.4772555918572506,0.0,1.0,0.0,0.0,1.0
121,0.0,0.5,0.40311636089469716,0.1,1.0,1.0,0.0,0.0
122,1.0,0.5,0.40311636089469716,0.0,0.0,0.0,0.0,1.0
123,0.0,0.0,0.6732847449107816,0.1,1.0,0.0,0.0,1.0
124,1.0,1.0,0.14551394822819805,0.1,1.0,1.0,0.0,0.0
125,0.0,1.0,0.5953757225433526,0.0,1.0,0.0,1.0,0.0
126,1.0,1.0,0.2963056044232219,0.0,1.0,0.0,0.0,1.0
127,1.0,1.0,0.14488564966071876,0.2,0.0,1.0,0.0,0.0
128,0.0,1.0,0.5601910027645137,0.0,1.0,0.0,0.0,1.0
129,0.0,1.0,0.4093993465694898,0.0,1.0,1.0,0.0,0.0
130,0.0,1.0,0.24604171902488062,0.0,1.0,0.0,0.0,1.0
131,0.0,1.0,0.5853229454636844,0.1,0.0,0.0,0.0,1.0
132,1.0,0.5,0.35913546117114853,0.1,0.0,0.0,0.0,1.0
133,0.0,0.5,0.3088715757728072,0.0,1.0,0.0,0.0,1.0
134,0.0,0.5,0.2837396330736366,0.0,1.0,1.0,0.0,0.0
135,1.0,0.0,0.2334757476752953,0.2,0.0,0.0,0.0,1.0
136,0.0,0.0,0.4596632319678311,0.1,1.0,0.0,0.0,1.0
137,0.0,1.0,0.19577783362653933,0.0,1.0,0.0,0.0,1.0
138,0.0,0.0,0.2963056044232219,0.0,1.0,1.0,0.0,0.0
139,0.0,1.0,0.25483789896959036,0.2,0.0,1.0,0.0,0.0
140,1.0,1.0,0.2711736617240512,0.0,0.0,0.0,0.0,1.0
141,1.0,1.0,0.2963056044232219,0.1,0.0,0.0,0.0,1.0
142,0.0,1.0,0.2334757476752953,0.0,1.0,0.0,1.0,0.0
143,0.0,0.5,0.22090977632571,0.0,1.0,0.0,0.0,1.0
144,0.0,0.5,0.2334757476752953,0.2,1.0,0.0,0.0,1.0
145,1.0,1.0,0.33400351847197784,0.0,1.0,0.0,0.0,1.0
146,0.0,1.0,0.10781603417944208,0.4,0.0,0.0,0.0,1.0
147,0.0,0.5,0.4533802462930384,0.2,1.0,0.0,0.0,1.0
148,0.0,0.5,0.5224930887157577,0.0,1.0,0.0,0.0,1.0
149,0.0,0.5,0.6355868308620256,0.0,1.0,0.0,0.0,1.0
150,1.0,0.0,0.2711736617240512,0.1,0.0,0.0,0.0,1.0
151,0.0,1.0,0.6921337019351597,0.0,1.0,0.0,0.0,1.0
152,0.0,1.0,0.5036441316913798,0.2,1.0,0.0,0.0,1.0
153,0.0,1.0,0.3855240010052777,0.0,1.0,0.0,0.0,1.0
154,0.0,0.0,0.6355868308620256,0.1,1.0,1.0,0.0,0.0
155,1.0,1.0,0.19577783362653933,0.0,0.0,0.0,1.0,0.0
156,0.0,1.0,0.37170143252073384,0.0,1.0,0.0,0.0,1.0
157,0.0,1.0,0.2787132445338024,0.0,1.0,0.0,0.0,1.0
158,0.0,1.0,0.105302839909525,1.0,1.0,0.0,0.0,1.0
159,0.0,1.0,0.5476250314149284,0.1,1.0,0.0,0.0,1.0
160,1.0,0.5,0.49736114601658704,0.0,0.0,0.0,0.0,1.0
161,0.0,1.0,0.32143754712239253,0.0,1.0,0.0,0.0,1.0
162,0.0,1.0,0.20834380497612465,0.0,1.0,0.0,0.0,1.0
163,0.0,1.0,0.007288263382759488,0.5,1.0,0.0,0.0,1.0
164,1.0,1.0,0.10781603417944208,0.2,1.0,0.0,0.0,1.0
165,1.0,0.0,0.3616486554410655,0.1,0.0,0.0,0.0,1.0
166,0.0,1.0,0.5601910027645137,0.5,0.0,0.0,0.0,1.0
167,0.0,0.0,0.7009298818798693,0.0,1.0,0.0,0.0,1.0
168,0.0,1.0,0.34656948982156316,0.0,1.0,0.0,0.0,1.0
169,0.0,0.0,0.7612465443578789,0.0,1.0,0.0,0.0,1.0
170,0.0,1.0,0.04498617743151546,0.5,1.0,0.0,1.0,0.0
171,1.0,1.0,0.007288263382759488,0.2,0.0,0.0,0.0,1.0
172,0.0,1.0,0.2586076903744659,0.0,1.0,0.0,0.0,1.0
173,0.0,0.0,0.6984166876099522,0.0,1.0,1.0,0.0,0.0
174,0.0,1.0,0.22090977632571,0.2,1.0,0.0,0.0,1.0
175,0.0,1.0,0.17567227946720282,0.4,1.0,0.0,0.0,1.0
176,0.0,0.0,0.6230208595124404,0.0,0.0,1.0,0.0,0.0
177,0.0,0.5,0.37170143252073384,0.0,1.0,0.0,0.0,1.0
178,0.0,1.0,0.4470972606182458,0.0,1.0,0.0,0.0,1.0
179,0.0,1.0,0.19075144508670522,1.0,0.0,0.0,0.0,1.0
180,0.0,0.5,0.3729580296556924,0.0,1.0,1.0,0.0,0.0
181,0.0,1.0,0.10781603417944208,0.6000000000000001,1.0,0.0,0.0,1.0
182,1.0,0.5,0.007288263382759488,0.30000000000000004,1.0,0.0,0.0,1.0
183,1.0,1.0,0.04498617743151546,0.2,0.0,0.0,0.0,1.0
184,0.0,0.0,0.5149535059060065,0.0,1.0,0.0,0.0,1.0
185,1.0,1.0,0.21588338778587585,0.1,0.0,0.0,1.0,0.0
186,1.0,0.0,0.5601910027645137,0.0,1.0,0.0,0.0,1.0
187,0.0,1.0,0.49736114601658704,0.2,1.0,0.0,1.0,0.0
188,0.0,1.0,0.4470972606182458,0.0,1.0,0.0,0.0,1.0
189,1.0,0.5,0.39683337521990447,0.0,0.0,0.0,0.0,1.0
190,0.0,0.5,0.2334757476752953,0.0,1.0,0.0,0.0,1.0
191,1.0,1.0,0.2334757476752953,0.1,0.0,0.0,0.0,1.0
192,1.0,0.5,0.032420206081930136,0.2,1.0,0.0,0.0,1.0
193,1.0,0.0,0.5476250314149284,0.0,0.0,1.0,0.0,0.0
194,1.0,0.0,0.723548630309123,0.0,0.0,1.0,0.0,0.0
195,0.0,1.0,0.5953757225433526,0.0,1.0,0.0,1.0,0.0
196,0.0,1.0,0.5224930887157577,0.1,1.0,0.0,0.0,1.0
197,1.0,1.0,0.21588338778587585,0.0,0.0,0.0,1.0,0.0
198,0.0,0.5,0.2963056044232219,0.0,0.0,0.0,0.0,1.0
199,0.0,1.0,0.34656948982156316,0.0,1.0,0.0,0.0,1.0
200,0.0,1.0,0.105302839909525,1.0,1.0,0.0,0.0,1.0
201,0.0,1.0,0.4219653179190751,0.0,1.0,0.0,0.0,1.0
202,0.0,1.0,0.5664739884393064,0.0,1.0,1.0,0.0,0.0
203,1.0,1.0,0.22090977632571,0.0,1.0,0.0,0.0,1.0
204,0.0,1.0,0.01985423473234481,0.1,0.0,0.0,0.0,1.0
205,0.0,1.0,0.39683337521990447,0.1,1.0,0.0,0.0,1.0
206,1.0,1.0,0.32143754712239253,0.0,1.0,1.0,0.0,0.0
207,1.0,1.0,0.19577783362653933,0.0,0.0,0.0,1.0,0.0
208,1.0,0.0,0.49736114601658704,0.0,1.0,1.0,0.0,0.0
209,0.0,1.0,0.2963056044232219,0.0,1.0,0.0,0.0,1.0
210,1.0,0.5,0.4345312892686604,0.0,0.0,0.0,0.0,1.0
211,0.0,1.0,0.2711736617240512,0.0,1.0,0.0,0.0,1.0
212,0.0,0.5,0.37170143252073384,0.0,1.0,0.0,0.0,1.0
213,0.0,1.0,0.5953757225433526,0.1,1.0,0.0,1.0,0.0
214,1.0,0.0,0.38426740387031916,0.1,0.0,1.0,0.0,0.0
215,1.0,1.0,0.33400351847197784,0.0,0.0,0.0,0.0,1.0
216,0.0,0.5,0.5224930887157577,0.1,1.0,0.0,0.0,1.0
217,1.0,0.0,0.39683337521990447,0.0,0.0,1.0,0.0,0.0
218,0.0,0.5,0.37170143252073384,0.0,1.0,0.0,0.0,1.0
219,1.0,1.0,0.19577783362653933,0.0,1.0,0.0,0.0,1.0
220,0.0,0.5,0.33400351847197784,0.0,1.0,0.0,0.0,1.0
221,0.0,1.0,0.6355868308620256,0.0,1.0,0.0,0.0,1.0
222,0.0,1.0,0.35913546117114853,0.0,1.0,0.0,0.0,1.0
223,1.0,0.0,0.4722292033174164,0.1,1.0,0.0,0.0,1.0
224,0.0,1.0,0.2711736617240512,0.0,1.0,0.0,0.0,1.0
225,1.0,0.5,0.2334757476752953,0.0,1.0,0.0,0.0,1.0
226,0.0,1.0,0.2523247046996733,0.0,1.0,0.0,0.0,1.0
227,0.0,0.5,0.22090977632571,0.0,1.0,0.0,0.0,1.0
228,0.0,1.0,0.23850213621512945,0.4,0.0,0.0,0.0,1.0
229,1.0,0.0,0.4345312892686604,0.1,0.0,0.0,0.0,1.0
230,0.0,1.0,0.35913546117114853,0.0,1.0,0.0,0.0,1.0
231,0.0,0.5,0.7361146016587082,0.0,1.0,0.0,0.0,1.0
232,1.0,1.0,0.05755214878110078,0.6000000000000001,0.0,0.0,0.0,1.0
233,0.0,0.5,0.2963056044232219,0.0,1.0,0.0,0.0,1.0
234,0.0,1.0,0.32897712993214373,0.0,0.0,0.0,0.0,1.0
235,0.0,0.5,0.5476250314149284,0.1,1.0,0.0,0.0,1.0
236,1.0,0.5,0.09525006282985675,0.2,0.0,0.0,0.0,1.0
237,0.0,0.5,0.2334757476752953,0.0,1.0,0.0,0.0,1.0
238,0.0,0.5,0.4093993465694898,0.0,1.0,0.0,0.0,1.0
239,0.0,1.0,0.25483789896959036,0.1,0.0,1.0,0.0,0.0
240,1.0,1.0,0.21588338778587585,0.1,0.0,0.0,1.0,0.0
241,0.0,0.5,0.35913546117114853,0.0,1.0,0.0,0.0,1.0
242,0.0,1.0,0.2711736617240512,0.0,1.0,0.0,0.0,1.0
243,0.0,1.0,0.37170143252073384,0.0,1.0,1.0,0.0,0.0
244,0.0,0.0,0.5476250314149284,0.2,1.0,0.0,1.0,0.0
245,0.0,1.0,0.3088715757728072,0.0,0.0,0.0,0.0,1.0
246,1.0,0.5,0.2963056044232219,0.2,0.0,0.0,0.0,1.0
247,1.0,0.0,0.4596632319678311,0.2,1.0,0.0,0.0,1.0
248,0.0,0.5,0.6732847449107816,0.1,1.0,0.0,0.0,1.0
249,0.0,1.0,0.38552400100527767,0.0,1.0,0.0,0.0,1.0
250,0.0,1.0,0.35913546117114853,0.2,0.0,0.0,0.0,1.0
251,0.0,0.0,0.7738125157074642,0.0,1.0,0.0,0.0,1.0
252,0.0,1.0,0.37170143252073384,0.1,1.0,0.0,0.0,1.0
253,0.0,1.0,0.5099271173661725,0.2,0.0,0.0,0.0,1.0
254,1.0,1.0,0.35913546117114853,0.2,0.0,1.0,0.0,0.0
255,1.0,0.0,0.3314903242020608,0.0,0.0,1.0,0.0,0.0
256,1.0,0.0,0.37170143252073384,0.0,0.0,0.0,0.0,1.0
257,1.0,0.0,0.4345312892686604,0.0,0.0,1.0,0.0,0.0
258,1.0,0.5,0.6230208595124404,0.1,0.0,0.0,0.0,1.0
259,0.0,1.0,0.5953757225433526,0.0,1.0,0.0,1.0,0.0
260,1.0,1.0,0.032420206081930136,0.6000000000000001,1.0,0.0,0.0,1.0
261,0.0,0.0,0.648152802211611,0.2,1.0,0.0,0.0,1.0
262,0.0,0.0,0.49736114601658704,0.0,1.0,0.0,0.0,1.0
263,0.0,1.0,0.3478260869565217,0.0,0.0,0.0,1.0,0.0
264,0.0,0.5,0.4470972606182458,0.0,1.0,0.0,0.0,1.0
265,0.0,1.0,0.19577783362653933,0.5,1.0,0.0,0.0,1.0
266,1.0,1.0,0.3088715757728072,0.1,1.0,0.0,0.0,1.0
267,1.0,0.0,0.723548630309123,0.1,0.0,0.0,0.0,1.0
268,1.0,0.0,0.4345312892686604,0.0,0.0,0.0,0.0,1.0
269,0.0,0.0,0.626790650917316,0.0,1.0,0.0,0.0,1.0
270,1.0,1.0,0.3088715757728072,0.0,1.0,0.0,0.0,1.0
271,1.0,0.5,0.5099271173661725,0.1,0.0,0.0,0.0,1.0
272,0.0,0.0,0.4596632319678311,0.1,1.0,1.0,0.0,0.0
273,1.0,1.0,0.21588338778587585,0.0,0.0,0.0,1.0,0.0
274,1.0,0.0,0.7863784870570495,0.1,0.0,0.0,0.0,1.0
275,0.0,1.0,0.5601910027645137,0.0,0.0,0.0,0.0,1.0
276,0.0,0.5,0.4219653179190751,0.0,1.0,0.0,0.0,1.0
277,0.0,1.0,0.08268409148027142,0.5,1.0,0.0,1.0,0.0
278,1.0,1.0,0.4345312892686604,0.2,0.0,0.0,0.0,1.0
279,0.0,1.0,0.8115104297562202,0.0,1.0,0.0,1.0,0.0
280,0.0,1.0,0.34656948982156316,0.0,1.0,0.0,0.0,1.0
281,0.0,1.0,0.19577783362653933,0.0,1.0,0.0,0.0,1.0
282,1.0,1.0,0.2334757476752953,0.0,1.0,0.0,0.0,1.0
283,0.0,0.0,0.7009298818798693,0.0,1.0,0.0,0.0,1.0
284,0.0,1.0,0.4093993465694898,0.0,1.0,1.0,0.0,0.0
285,1.0,1.0,0.37170143252073384,0.0,1.0,0.0,0.0,1.0
286,0.0,1.0,0.2711736617240512,0.0,1.0,0.0,0.0,1.0
287,1.0,0.5,0.5224930887157577,0.0,1.0,0.0,0.0,1.0
288,1.0,1.0,0.2711736617240512,0.0,0.0,0.0,1.0,0.0
289,1.0,0.0,0.32143754712239253,0.0,0.0,0.0,0.0,1.0
290,1.0,0.0,0.2334757476752953,0.1,0.0,1.0,0.0,0.0
291,0.0,0.5,0.4470972606182458,0.0,1.0,1.0,0.0,0.0
292,0.0,1.0,0.2963056044232219,0.0,0.0,0.0,0.0,1.0
293,0.0,1.0,0.2963056044232219,0.0,1.0,0.0,0.0,1.0
294,0.0,0.0,0.6355868308620256,0.0,1.0,1.0,0.0,0.0
295,0.0,1.0,0.2900226187484292,0.0,1.0,1.0,0.0,0.0
296,0.0,0.0,0.01985423473234481,0.30000000000000004,0.0,0.0,0.0,1.0
297,1.0,0.0,0.5853229454636844,0.0,1.0,0.0,0.0,1.0
298,1.0,0.0,0.6230208595124404,0.1,0.0,1.0,0.0,0.0
299,1.0,1.0,0.21588338778587585,0.0,0.0,0.0,1.0,0.0
300,1.0,1.0,0.2937924101533048,0.2,1.0,0.0,1.0,0.0
301,0.0,1.0,0.2334757476752953,0.0,1.0,0.0,0.0,1.0
302,1.0,0.5,0.2510681075647147,0.0,0.0,0.0,1.0,0.0
303,0.0,1.0,0.4772555918572506,0.0,1.0,0.0,0.0,1.0
304,1.0,0.0,0.006282985674792663,0.30000000000000004,1.0,0.0,0.0,1.0
305,1.0,0.0,0.40437295802965567,0.0,0.0,1.0,0.0,0.0
306,1.0,0.0,0.20834380497612465,0.1,0.0,1.0,0.0,0.0
307,0.0,0.5,0.37170143252073384,0.1,1.0,1.0,0.0,0.0
308,1.0,0.0,0.37170143252073384,0.0,0.0,1.0,0.0,0.0
309,1.0,0.0,0.2963056044232219,0.0,0.0,1.0,0.0,0.0
310,1.0,0.0,0.22090977632571,0.4,0.0,1.0,0.0,0.0
311,0.0,0.5,0.32143754712239253,0.2,0.0,0.0,0.0,1.0
312,0.0,1.0,0.34656948982156316,0.0,1.0,0.0,0.0,1.0
313,0.0,0.5,0.5350590600653431,0.2,1.0,0.0,0.0,1.0
314,1.0,1.0,0.32143754712239253,0.0,0.0,0.0,0.0,1.0
315,1.0,0.5,0.2963056044232219,0.1,0.0,0.0,0.0,1.0
316,0.0,0.5,0.6732847449107816,0.0,1.0,0.0,0.0,1.0
317,1.0,0.0,0.38426740387031916,0.2,0.0,0.0,0.0,1.0
318,1.0,0.0,0.49736114601658704,0.2,0.0,1.0,0.0,0.0
319,0.0,1.0,0.2711736617240512,0.0,1.0,0.0,0.0,1.0
320,0.0,1.0,0.33400351847197784,0.0,1.0,0.0,0.0,1.0
321,1.0,0.5,0.37170143252073384,0.0,0.0,0.0,1.0,0.0
322,1.0,0.5,0.2711736617240512,0.2,0.0,0.0,0.0,1.0
323,0.0,1.0,0.105302839909525,1.0,1.0,0.0,0.0,1.0
324,1.0,0.0,0.4470972606182458,0.0,0.0,1.0,0.0,0.0
325,0.0,1.0,0.7612465443578789,0.0,1.0,0.0,0.0,1.0
326,1.0,0.5,0.4470972606182458,0.0,0.0,0.0,0.0,1.0
327,1.0,1.0,0.38426740387031916,0.2,0.0,0.0,0.0,1.0
328,1.0,0.0,0.19577783362653933,0.1,0.0,1.0,0.0,0.0
329,1.0,1.0,0.21588338778587585,0.2,0.0,0.0,1.0,0.0
330,0.0,0.0,0.5664739884393064,0.0,1.0,0.0,0.0,1.0
331,0.0,0.0,0.4722292033174164,0.1,1.0,0.0,0.0,1.0
332,0.0,1.0,0.19577783362653933,0.2,1.0,0.0,0.0,1.0
333,1.0,0.0,0.4596632319678311,0.1,0.0,0.0,0.0,1.0
334,0.0,1.0,0.35913546117114853,0.0,1.0,0.0,0.0,1.0
335,0.0,0.0,0.35913546117114853,0.1,1.0,0.0,0.0,1.0
336,1.0,0.0,0.5099271173661725,0.0,0.0,1.0,0.0,0.0
337,1.0,1.0,0.5601910027645137,0.0,1.0,0.0,0.0,1.0
338,0.0,0.0,0.5601910027645137,0.0,1.0,0.0,0.0,1.0
339,1.0,0.5,0.01985423473234481,0.2,1.0,0.0,0.0,1.0
340,1.0,0.0,0.2963056044232219,0.5,0.0,0.0,0.0,1.0
341,0.0,0.5,0.34656948982156316,0.0,1.0,0.0,0.0,1.0
342,0.0,0.5,0.3088715757728072,0.0,1.0,0.0,0.0,1.0
343,0.0,0.5,0.4470972606182458,0.0,1.0,0.0,0.0,1.0
344,1.0,0.5,0.2963056044232219,0.0,0.0,0.0,0.0,1.0
345,1.0,0.5,0.49736114601658704,0.0,0.0,0.0,0.0,1.0
346,1.0,1.0,0.2636340789143,0.1,0.0,0.0,0.0,1.0
347,1.0,1.0,0.032420206081930136,0.2,1.0,0.0,0.0,1.0
348,0.0,1.0,0.5224930887157577,0.0,1.0,0.0,0.0,1.0
349,0.0,1.0,0.2837396330736366,0.0,1.0,0.0,0.0,1.0
350,0.0,0.0,0.650665996481528,0.0,1.0,0.0,0.0,1.0
351,0.0,1.0,0.18321186227695402,0.2,1.0,1.0,0.0,0.0
352,0.0,1.0,0.3088715757728072,0.1,1.0,0.0,0.0,1.0
353,0.0,1.0,0.40688615229957276,0.0,1.0,1.0,0.0,0.0
354,0.0,1.0,0.34656948982156316,0.0,1.0,0.0,0.0,1.0
355,1.0,0.0,0.2711736617240512,0.1,0.0,0.0,0.0,1.0
356,0.0,0.5,0.4722292033174164,0.0,0.0,0.0,0.0,1.0
357,1.0,1.0,0.21588338778587585,0.0,0.0,0.0,1.0,0.0
358,1.0,1.0,0.21588338778587585,0.0,0.0,0.0,1.0,0.0
359,0.0,1.0,0.49736114601658704,0.5,1.0,0.0,0.0,1.0
360,0.0,0.5,0.35913546117114853,0.1,1.0,1.0,0.0,0.0
361,0.0,1.0,0.5601910027645137,0.1,0.0,1.0,0.0,0.0
362,0.0,1.0,0.4345312892686604,0.0,1.0,0.0,0.0,1.0
363,0.0,1.0,0.5325458657954261,0.1,1.0,0.0,1.0,0.0
364,0.0,1.0,0.37170143252073384,0.0,1.0,0.0,0.0,1.0
365,1.0,0.0,0.7486805730082936,0.1,0.0,1.0,0.0,0.0
366,1.0,1.0,0.14802714249811513,0.0,0.0,1.0,0.0,0.0
367,1.0,1.0,0.21588338778587585,0.0,0.0,0.0,1.0,0.0
368,1.0,0.0,0.2963056044232219,0.0,0.0,1.0,0.0,0.0
369,1.0,0.0,0.3088715757728072,0.1,1.0,1.0,0.0,0.0
370,0.0,1.0,0.22090977632571,0.1,1.0,0.0,0.0,1.0
371,0.0,1.0,0.2334757476752953,0.0,1.0,0.0,0.0,1.0
372,0.0,0.0,0.2711736617240512,0.0,1.0,1.0,0.0,0.0
373,0.0,1.0,0.032420206081930136,0.4,0.0,0.0,0.0,1.0
374,1.0,0.0,0.6757979391806986,0.1,0.0,1.0,0.0,0.0
375,1.0,1.0,0.2711736617240512,0.0,0.0,0.0,0.0,1.0
376,0.0,0.0,0.33400351847197784,0.2,1.0,1.0,0.0,0.0
377,0.0,1.0,0.24604171902488062,0.0,1.0,1.0,0.0,0.0
378,0.0,1.0,0.2334757476752953,0.0,1.0,0.0,0.0,1.0
379,1.0,0.0,0.5224930887157577,0.0,0.0,1.0,0.0,0.0
380,1.0,1.0,0.007288263382759488,0.2,0.0,1.0,0.0,0.0
381,0.0,1.0,0.39683337521990447,0.0,1.0,0.0,0.0,1.0
382,1.0,0.0,0.4345312892686604,0.1,0.0,0.0,0.0,1.0
383,0.0,1.0,0.35913546117114853,0.0,1.0,0.0,0.0,1.0
384,0.0,0.5,0.22090977632571,0.0,1.0,0.0,0.0,1.0
385,0.0,1.0,0.007288263382759488,0.7000000000000001,1.0,0.0,0.0,1.0
386,1.0,0.5,0.4470972606182458,0.0,0.0,0.0,0.0,1.0
387,0.0,1.0,0.4697160090474993,0.0,1.0,0.0,1.0,0.0
388,1.0,0.5,0.20834380497612465,0.0,0.0,1.0,0.0,0.0
389,1.0,0.0,0.4470972606182458,0.30000000000000004,1.0,0.0,0.0,1.0
390,1.0,1.0,0.2586076903744659,0.0,1.0,0.0,0.0,1.0
391,0.0,1.0,0.34656948982156316,0.2,1.0,0.0,0.0,1.0
392,1.0,0.0,0.2837396330736366,0.1,0.0,1.0,0.0,0.0
393,1.0,1.0,0.2963056044232219,0.2,0.0,0.0,0.0,1.0
394,0.0,1.0,0.2711736617240512,0.0,1.0,0.0,0.0,1.0
395,0.0,1.0,0.38426740387031916,0.0,0.0,0.0,0.0,1.0
396,0.0,0.5,0.5727569741140991,0.0,1.0,0.0,0.0,1.0
397,0.0,0.5,0.2837396330736366,0.0,1.0,0.0,0.0,1.0
398,1.0,0.5,0.34656948982156316,0.0,0.0,0.0,0.0,1.0
399,1.0,1.0,0.4847951746670017,0.0,1.0,0.0,0.0,1.0
400,0.0,1.0,0.32143754712239253,0.0,1.0,0.0,0.0,1.0
401,0.0,1.0,0.2586076903744659,0.1,0.0,0.0,0.0,1.0
402,0.0,1.0,0.34656948982156316,0.1,1.0,0.0,0.0,1.0
403,0.0,1.0,0.24604171902488062,0.0,0.0,0.0,0.0,1.0
404,0.0,0.5,0.4219653179190751,0.1,1.0,0.0,0.0,1.0
405,0.0,1.0,0.6355868308620256,0.0,1.0,0.0,0.0,1.0
406,1.0,0.5,0.032420206081930136,0.2,1.0,0.0,0.0,1.0
407,0.0,1.0,0.2586076903744659,0.0,1.0,0.0,0.0,1.0
408,0.0,1.0,0.23850213621512945,0.4,0.0,0.0,0.0,1.0
409,0.0,1.0,0.35913546117114853,0.0,1.0,0.0,0.0,1.0
410,0.0,1.0,0.41568233224428236,0.0,1.0,0.0,1.0,0.0
411,1.0,0.0,0.4093993465694898,0.1,0.0,0.0,1.0,0.0
412,0.0,0.5,0.4219653179190751,0.0,1.0,0.0,0.0,1.0
413,1.0,1.0,0.5476250314149284,0.0,1.0,0.0,0.0,1.0
414,0.0,1.0,0.2812264388037195,0.0,0.0,0.0,0.0,1.0
415,1.0,0.5,0.4219653179190751,0.2,0.0,0.0,0.0,1.0
416,1.0,0.5,0.22090977632571,0.2,0.0,0.0,0.0,1.0
417,0.0,0.5,0.37170143252073384,0.0,1.0,0.0,0.0,1.0
418,0.0,1.0,0.12038200552902739,0.2,0.0,0.0,0.0,1.0
419,0.0,1.0,0.3553656697662729,0.0,1.0,1.0,0.0,0.0
420,0.0,1.0,0.2586076903744659,0.0,1.0,0.0,1.0,0.0
421,0.0,1.0,0.35913546117114853,0.0,1.0,0.0,0.0,1.0
422,0.0,1.0,0.34656948982156316,0.2,0.0,0.0,0.0,1.0
423,0.0,1.0,0.22090977632571,0.2,1.0,0.0,0.0,1.0
424,0.0,1.0,0.38552400100527767,0.0,1.0,0.0,0.0,1.0
425,1.0,0.5,0.34656948982156316,0.1,0.0,0.0,0.0,1.0
426,1.0,0.5,0.2334757476752953,0.0,0.0,0.0,0.0,1.0
427,0.0,1.0,0.5953757225433526,0.0,1.0,0.0,1.0,0.0
428,1.0,1.0,0.39683337521990447,0.0,1.0,0.0,0.0,1.0
429,1.0,0.0,0.34656948982156316,0.0,1.0,0.0,0.0,1.0
430,1.0,1.0,0.2636340789143,0.1,0.0,0.0,0.0,1.0
431,1.0,0.5,0.5224930887157577,0.1,0.0,0.0,0.0,1.0
432,0.0,1.0,0.20834380497612465,0.0,1.0,0.0,0.0,1.0
433,0.0,0.0,0.6230208595124404,0.1,1.0,0.0,0.0,1.0
434,1.0,0.0,0.17064589092736868,0.30000000000000004,0.0,0.0,0.0,1.0
435,0.0,1.0,0.2586076903744659,0.4,0.0,0.0,0.0,1.0
436,1.0,0.5,0.2963056044232219,0.5,0.0,0.0,0.0,1.0
437,0.0,0.0,0.7989444584066349,0.5,1.0,0.0,0.0,1.0
438,0.0,0.5,0.38426740387031916,0.0,1.0,0.0,0.0,1.0
439,1.0,0.5,0.5601910027645137,0.2,0.0,0.0,0.0,1.0
440,0.0,1.0,0.24604171902488062,0.0,1.0,0.0,0.0,1.0
441,0.0,1.0,0.3088715757728072,0.1,1.0,0.0,0.0,1.0
442,1.0,0.5,0.34656948982156316,0.0,0.0,0.0,0.0,1.0
443,1.0,1.0,0.3214375471223926,0.0,1.0,0.0,0.0,1.0
444,1.0,0.0,0.04498617743151546,0.2,1.0,0.0,0.0,1.0
445,1.0,0.5,0.15807991957778336,0.1,0.0,0.0,0.0,1.0
446,1.0,0.0,0.4219653179190751,0.0,1.0,0.0,0.0,1.0
447,1.0,1.0,0.05755214878110078,0.30000000000000004,0.0,1.0,0.0,0.0
448,1.0,0.0,0.648152802211611,0.0,1.0,0.0,0.0,1.0
449,0.0,0.5,0.4470972606182458,0.30000000000000004,1.0,0.0,0.0,1.0
450,0.0,1.0,0.38426740387031916,0.1,1.0,0.0,0.0,1.0
451,0.0,0.0,0.37170143252073384,0.0,1.0,1.0,0.0,0.0
452,1.0,0.0,0.610454888162855,0.1,1.0,1.0,0.0,0.0
453,0.0,1.0,0.4772555918572506,0.0,1.0,0.0,0.0,1.0
454,1.0,1.0,0.35913546117114853,0.0,1.0,1.0,0.0,0.0
455,0.0,0.0,0.8115104297562202,0.0,1.0,0.0,0.0,1.0
456,1.0,0.0,0.4068861522995727,0.1,0.0,0.0,0.0,1.0
457,1.0,0.5,0.6230208595124404,0.0,0.0,0.0,0.0,1.0
458,0.0,1.0,0.5953757225433526,0.0,1.0,0.0,1.0,0.0
459,1.0,0.0,0.5978889168132697,0.0,1.0,0.0,0.0,1.0
460,0.0,1.0,0.4219653179190751,0.0,1.0,0.0,0.0,1.0
461,0.0,0.0,0.5853229454636844,0.0,1.0,0.0,0.0,1.0
462,0.0,0.5,0.5978889168132697,0.0,1.0,0.0,0.0,1.0
463,0.0,1.0,0.4772555918572506,0.0,1.0,0.0,0.0,1.0
464,0.0,1.0,0.4722292033174164,0.0,1.0,0.0,0.0,1.0
465,0.0,0.5,0.4219653179190751,0.0,1.0,0.0,0.0,1.0
466,0.0,0.0,0.6984166876099522,0.0,1.0,0.0,0.0,1.0
467,0.0,1.0,0.4697160090474993,0.0,1.0,0.0,1.0,0.0
468,1.0,1.0,0.0041467705453631576,0.30000000000000004,0.0,1.0,0.0,0.0
469,0.0,1.0,0.38552400100527767,0.0,1.0,0.0,0.0,1.0
470,0.0,1.0,0.4722292033174164,0.0,1.0,0.0,0.0,1.0
471,1.0,0.5,0.4093993465694898,0.30000000000000004,0.0,0.0,0.0,1.0
472,1.0,0.5,0.2837396330736366,0.0,0.0,1.0,0.0,0.0
473,0.0,1.0,0.2711736617240512,0.0,0.0,0.0,0.0,1.0
474,0.0,0.0,0.5149535059060065,0.0,1.0,0.0,0.0,1.0
475,0.0,0.5,0.4219653179190751,0.1,1.0,0.0,0.0,1.0
476,0.0,1.0,0.35913546117114853,0.1,1.0,0.0,0.0,1.0
477,0.0,1.0,0.2711736617240512,0.0,1.0,0.0,0.0,1.0
478,1.0,1.0,0.01985423473234481,0.1,0.0,0.0,0.0,1.0
479,0.0,1.0,0.10781603417944208,0.7000000000000001,1.0,0.0,0.0,1.0
480,0.0,0.5,0.4219653179190751,0.0,1.0,0.0,0.0,1.0
481,0.0,1.0,0.6230208595124404,0.0,1.0,0.0,0.0,1.0
482,1.0,1.0,0.7863784870570495,0.0,0.0,0.0,0.0,1.0
483,1.0,0.0,0.3088715757728072,0.1,1.0,1.0,0.0,0.0
484,0.0,1.0,0.23850213621512945,0.4,0.0,0.0,0.0,1.0
485,1.0,0.0,0.4345312892686604,0.1,0.0,0.0,0.0,1.0
486,0.0,0.0,0.723548630309123,0.0,1.0,1.0,0.0,0.0
487,0.0,1.0,0.37170143252073384,0.0,1.0,0.0,0.0,1.0
488,1.0,1.0,0.10781603417944208,0.2,1.0,0.0,0.0,1.0
489,0.0,1.0,0.38426740387031916,0.1,1.0,0.0,0.0,1.0
490,0.0,1.0,0.2586076903744659,0.0,1.0,0.0,0.0,1.0
491,0.0,0.0,0.685850716260367,0.0,1.0,0.0,0.0,1.0
492,0.0,0.0,0.8869062578537321,0.0,1.0,1.0,0.0,0.0
493,0.0,1.0,0.2586076903744659,0.0,1.0,0.0,0.0,1.0
494,0.0,1.0,0.33526011560693636,0.0,1.0,1.0,0.0,0.0
495,1.0,0.0,0.6732847449107816,0.1,0.0,1.0,0.0,0.0
496,0.0,1.0,0.2648906760492586,0.0,1.0,0.0,0.0,1.0
497,0.0,0.0,0.3088715757728072,0.30000000000000004,0.0,0.0,0.0,1.0
498,0.0,1.0,0.2963056044232219,0.0,1.0,0.0,0.0,1.0
499,0.0,1.0,0.20834380497612465,0.0,1.0,0.0,0.0,1.0
500,0.0,1.0,0.2586076903744659,0.0,0.0,0.0,1.0,0.0
501,0.0,1.0,0.3478260869565217,0.0,0.0,0.0,1.0,0.0
502,0.0,1.0,0.4596632319678311,0.0,0.0,0.0,0.0,1.0
503,1.0,0.0,0.19577783362653933,0.0,0.0,0.0,0.0,1.0
504,0.0,0.0,0.22090977632571,0.1,1.0,1.0,0.0,0.0
505,1.0,0.5,0.4093993465694898,0.2,0.0,0.0,0.0,1.0
506,1.0,0.0,0.5124403116360895,0.0,1.0,0.0,0.0,1.0
507,0.0,1.0,0.34656948982156316,0.0,1.0,0.0,0.0,1.0
508,1.0,1.0,0.32143754712239253,0.0,1.0,0.0,0.0,1.0
509,1.0,1.0,0.35913546117114853,0.0,1.0,0.0,1.0,0.0
510,0.0,1.0,0.4772555918572506,0.0,1.0,0.0,0.0,1.0
511,1.0,0.0,0.4470972606182458,0.0,1.0,0.0,0.0,1.0
512,1.0,0.0,0.6732847449107816,0.1,0.0,1.0,0.0,0.0
513,0.0,1.0,0.2963056044232219,0.0,1.0,0.0,0.0,1.0
514,0.0,0.0,0.5853229454636844,0.0,1.0,0.0,0.0,1.0
515,1.0,0.5,0.4219653179190751,0.0,0.0,0.0,0.0,1.0
516,0.0,1.0,0.5953757225433526,0.0,1.0,0.0,1.0,0.0
517,1.0,0.5,0.4470972606182458,0.1,0.0,0.0,0.0,1.0
518,0.0,1.0,0.39683337521990447,0.0,1.0,0.0,0.0,1.0
519,1.0,0.0,0.37170143252073384,0.0,0.0,0.0,0.0,1.0
520,0.0,1.0,0.2711736617240512,0.0,1.0,0.0,0.0,1.0
521,0.0,1.0,0.40688615229957276,0.0,1.0,1.0,0.0,0.0
522,1.0,0.0,0.5476250314149284,0.1,0.0,1.0,0.0,0.0
523,0.0,1.0,0.3189243528524755,0.0,1.0,1.0,0.0,0.0
524,0.0,1.0,0.5036441316913798,0.0,1.0,0.0,1.0,0.0
525,1.0,0.5,0.6230208595124404,0.0,0.0,0.0,0.0,1.0
526,0.0,0.0,0.4822819803970847,0.0,1.0,0.0,0.0,1.0
527,0.0,1.0,0.4847951746670017,0.0,1.0,0.0,0.0,1.0
528,0.0,0.5,0.2837396330736366,0.30000000000000004,1.0,0.0,0.0,1.0
529,1.0,0.5,0.01985423473234481,0.2,0.0,0.0,0.0,1.0
530,0.0,1.0,0.3189243528524755,0.0,1.0,1.0,0.0,0.0
531,0.0,1.0,0.20834380497612465,0.2,1.0,1.0,0.0,0.0
532,1.0,1.0,0.14488564966071876,0.2,0.0,1.0,0.0,0.0
533,0.0,1.0,0.37170143252073384,0.0,0.0,0.0,0.0,1.0
534,1.0,0.5,0.08268409148027142,0.2,0.0,0.0,0.0,1.0
535,0.0,0.0,0.5601910027645137,0.0,1.0,0.0,0.0,1.0
536,1.0,0.0,0.37170143252073384,0.0,0.0,1.0,0.0,0.0
537,0.0,1.0,0.2648906760492586,0.0,1.0,0.0,0.0,1.0
538,1.0,0.0,0.2711736617240512,0.2,0.0,1.0,0.0,0.0
539,1.0,0.0,0.4470972606182458,0.2,0.0,0.0,0.0,1.0
540,0.0,1.0,0.10781603417944208,0.6000000000000001,0.0,0.0,0.0,1.0
541,0.0,1.0,0.1329479768786127,0.6000000000000001,0.0,0.0,0.0,1.0
542,1.0,0.5,0.39683337521990447,0.1,1.0,0.0,0.0,1.0
543,0.0,0.0,0.6230208595124404,0.1,1.0,1.0,0.0,0.0
544,0.0,0.0,0.7989444584066349,0.0,1.0,0.0,0.0,1.0
545,1.0,0.5,0.2334757476752953,0.1,0.0,0.0,0.0,1.0
546,1.0,0.5,0.2410153304850465,0.0,1.0,1.0,0.0,0.0
547,0.0,1.0,0.4093993465694898,0.2,1.0,0.0,0.0,1.0
548,1.0,0.5,0.09525006282985675,0.2,1.0,0.0,0.0,1.0
549,1.0,0.0,0.20834380497612465,0.2,1.0,1.0,0.0,0.0
550,0.0,0.5,0.33400351847197784,0.0,1.0,0.0,0.0,1.0
551,0.0,1.0,0.5953757225433526,0.0,1.0,0.0,1.0,0.0
552,1.0,1.0,0.2711736617240512,0.0,1.0,1.0,0.0,0.0
553,1.0,1.0,0.2711736617240512,0.0,0.0,0.0,0.0,1.0
554,0.0,0.0,0.7738125157074642,0.0,1.0,0.0,0.0,1.0
555,1.0,0.0,0.5978889168132697,0.1,0.0,1.0,0.0,0.0
556,0.0,0.0,0.3490826840914803,0.0,1.0,1.0,0.0,0.0
557,1.0,0.0,0.4847951746670017,0.2,0.0,0.0,0.0,1.0
558,1.0,1.0,0.4470972606182458,0.1,0.0,0.0,0.0,1.0
559,0.0,1.0,0.5953757225433526,0.0,1.0,0.0,1.0,0.0
560,0.0,1.0,0.49736114601658704,0.0,1.0,0.0,0.0,1.0
561,0.0,0.5,0.34656948982156316,0.0,1.0,0.0,0.0,1.0
562,0.0,1.0,0.4772555918572506,0.0,1.0,0.0,0.0,1.0
563,0.0,1.0,0.2812264388037195,0.0,0.0,0.0,0.0,1.0
564,0.0,1.0,0.2963056044232219,0.2,1.0,0.0,0.0,1.0
565,0.0,1.0,0.2334757476752953,0.0,1.0,0.0,0.0,1.0
566,0.0,1.0,0.35913546117114853,0.4,0.0,0.0,0.0,1.0
567,0.0,1.0,0.3189243528524755,0.0,1.0,1.0,0.0,0.0
568,1.0,1.0,0.39683337521990447,0.0,1.0,0.0,0.0,1.0
569,1.0,0.5,0.7738125157074642,0.0,1.0,0.0,0.0,1.0
570,1.0,0.0,0.6607187735611963,0.2,0.0,0.0,0.0,1.0
571,1.0,0.0,0.4470972606182458,0.0,1.0,0.0,0.0,1.0
572,1.0,1.0,0.21588338778587585,0.0,0.0,0.0,1.0,0.0
573,0.0,1.0,0.19577783362653933,0.0,1.0,0.0,0.0,1.0
574,0.0,1.0,0.2334757476752953,0.0,1.0,0.0,0.0,1.0
575,1.0,0.5,0.4219653179190751,0.0,0.0,0.0,0.0,1.0
576,1.0,0.0,0.4847951746670017,0.1,0.0,0.0,0.0,1.0
577,0.0,1.0,0.25483789896959036,0.1,0.0,1.0,0.0,0.0
578,1.0,1.0,0.39683337521990447,0.0,1.0,0.0,0.0,1.0
579,1.0,0.5,0.3088715757728072,0.2,0.0,0.0,0.0,1.0
580,1.0,0.0,0.4847951746670017,0.2,0.0,1.0,0.0,0.0
581,0.0,0.5,0.6732847449107816,0.0,1.0,0.0,0.0,1.0
582,0.0,0.0,0.4470972606182458,0.0,1.0,1.0,0.0,0.0
583,0.0,1.0,0.3629052525760241,0.0,1.0,1.0,0.0,0.0
584,1.0,0.0,0.22090977632571,0.2,0.0,0.0,0.0,1.0
585,0.0,0.5,0.5853229454636844,0.0,1.0,0.0,0.0,1.0
586,1.0,0.0,0.7486805730082936,0.2,1.0,1.0,0.0,0.0
587,0.0,1.0,0.2711736617240512,0.0,1.0,0.0,0.0,1.0
588,0.0,1.0,0.4772555918572506,0.0,1.0,0.0,0.0,1.0
589,0.0,1.0,0.4345312892686604,0.0,1.0,0.0,0.0,1.0
590,1.0,0.0,0.648152802211611,0.1,0.0,1.0,0.0,0.0
591,0.0,1.0,0.5853229454636844,0.0,1.0,0.0,0.0,1.0
592,0.0,1.0,0.3478260869565217,0.2,0.0,0.0,1.0,0.0
593,0.0,0.5,0.4596632319678311,0.1,1.0,0.0,0.0,1.0
594,0.0,1.0,0.4470972606182458,0.2,1.0,0.0,0.0,1.0
595,1.0,0.5,0.48228198039708464,0.0,0.0,0.0,0.0,1.0
596,0.0,1.0,0.610454888162855,0.0,1.0,0.0,0.0,1.0
597,0.0,1.0,0.40688615229957276,0.0,1.0,1.0,0.0,0.0
598,1.0,0.0,0.610454888162855,0.1,1.0,1.0,0.0,0.0
599,1.0,0.5,0.2963056044232219,0.30000000000000004,0.0,0.0,0.0,1.0
600,0.0,1.0,0.35913546117114853,0.0,1.0,0.0,0.0,1.0
601,0.0,0.0,0.4923347574767529,0.0,1.0,0.0,0.0,1.0
602,0.0,1.0,0.5476250314149284,0.0,1.0,0.0,0.0,1.0
603,1.0,0.0,0.4345312892686604,0.0,1.0,1.0,0.0,0.0
604,0.0,1.0,0.4470972606182458,0.1,1.0,0.0,0.0,1.0
605,0.0,1.0,0.37170143252073384,0.0,1.0,0.0,0.0,1.0
606,1.0,0.0,0.33400351847197784,0.0,1.0,0.0,0.0,1.0
607,1.0,0.5,0.2711736617240512,0.30000000000000004,0.0,1.0,0.0,0.0
608,1.0,0.0,0.49736114601658704,0.0,0.0,0.0,0.0,1.0
609,0.0,1.0,0.4847951746670017,0.6000000000000001,0.0,0.0,0.0,1.0
610,0.0,1.0,0.31892435285247556,0.0,1.0,0.0,0.0,1.0
611,1.0,1.0,0.21588338778587585,0.1,0.0,0.0,1.0,0.0
612,0.0,1.0,0.5953757225433526,0.0,1.0,0.0,1.0,0.0
613,0.0,1.0,0.4345312892686604,0.0,1.0,0.0,0.0,1.0
614,1.0,0.5,0.2963056044232219,0.30000000000000004,0.0,0.0,0.0,1.0
615,0.0,1.0,0.4219653179190751,0.2,1.0,0.0,0.0,1.0
616,0.0,1.0,0.32143754712239253,0.1,0.0,0.0,0.0,1.0
617,1.0,0.5,0.04498617743151546,0.30000000000000004,0.0,0.0,0.0,1.0
618,0.0,0.5,0.32143754712239253,0.0,1.0,0.0,0.0,1.0
619,0.0,1.0,0.33400351847197784,0.1,1.0,1.0,0.0,0.0
620,1.0,0.0,0.5224930887157577,0.1,1.0,0.0,0.0,1.0
621,1.0,1.0,0.24604171902488062,0.2,1.0,1.0,0.0,0.0
622,0.0,1.0,0.2586076903744659,0.0,1.0,0.0,0.0,1.0
623,0.0,1.0,0.2586076903744659,0.0,1.0,0.0,0.0,1.0
624,0.0,0.0,0.7612465443578789,0.0,1.0,0.0,0.0,1.0
625,0.0,0.5,0.7109826589595376,0.0,1.0,0.0,1.0,0.0
626,1.0,0.0,0.2586076903744659,0.0,0.0,0.0,0.0,1.0
627,0.0,1.0,0.32143754712239253,0.0,1.0,0.0,0.0,1.0
628,0.0,1.0,0.4697160090474993,0.0,1.0,0.0,1.0,0.0
629,1.0,0.0,1.0,0.0,1.0,0.0,0.0,1.0
630,0.0,1.0,0.6355868308620256,0.0,1.0,0.0,0.0,1.0
631,1.0,0.0,0.39683337521990447,0.0,1.0,1.0,0.0,0.0
632,0.0,0.0,0.4898215632068359,0.0,1.0,0.0,0.0,1.0
633,0.0,1.0,0.10781603417944208,0.5,0.0,0.0,0.0,1.0
634,1.0,0.5,0.34656948982156316,0.0,0.0,0.0,0.0,1.0
635,0.0,1.0,0.39683337521990447,0.0,1.0,0.0,0.0,1.0
636,0.0,0.5,0.38426740387031916,0.2,1.0,0.0,0.0,1.0
637,0.0,1.0,0.5099271173661725,0.5,0.0,0.0,0.0,1.0
638,0.0,1.0,0.39180698668007036,0.1,1.0,0.0,0.0,1.0
639,0.0,1.0,0.24604171902488062,0.0,1.0,0.0,0.0,1.0
640,1.0,0.0,0.2963056044232219,0.0,0.0,1.0,0.0,0.0
641,0.0,1.0,0.01985423473234481,0.5,0.0,0.0,0.0,1.0
642,1.0,1.0,0.3691882382508168,0.0,1.0,0.0,0.0,1.0
643,1.0,1.0,0.0041467705453631576,0.30000000000000004,0.0,1.0,0.0,0.0
644,1.0,0.0,0.5978889168132697,0.1,1.0,1.0,0.0,0.0
645,0.0,1.0,0.2334757476752953,0.0,1.0,0.0,0.0,1.0
646,1.0,0.0,0.6984166876099522,0.0,1.0,1.0,0.0,0.0
647,0.0,1.0,0.4119125408394069,0.0,1.0,0.0,0.0,1.0
648,1.0,1.0,0.2837396330736366,0.0,0.0,0.0,0.0,1.0
649,0.0,1.0,0.35913546117114853,0.0,1.0,0.0,0.0,1.0
650,1.0,0.5,0.22090977632571,0.1,0.0,0.0,0.0,1.0
651,0.0,1.0,0.2586076903744659,0.0,1.0,0.0,0.0,1.0
652,1.0,1.0,0.21588338778587585,0.0,0.0,0.0,1.0,0.0
653,0.0,1.0,0.22090977632571,0.0,0.0,0.0,1.0,0.0
654,0.0,0.5,0.2963056044232219,0.2,1.0,0.0,0.0,1.0
655,0.0,1.0,0.35913546117114853,0.0,1.0,0.0,0.0,1.0
656,0.0,1.0,0.39683337521990447,0.2,0.0,0.0,1.0,0.0
657,0.0,0.5,0.2837396330736366,0.0,1.0,0.0,0.0,1.0
658,0.0,0.0,0.723548630309123,0.2,1.0,1.0,0.0,0.0
659,1.0,0.0,0.6230208595124404,0.2,1.0,0.0,0.0,1.0
660,0.0,1.0,0.49736114601658704,0.0,1.0,1.0,0.0,0.0
661,0.0,0.0,0.5853229454636844,0.0,1.0,0.0,0.0,1.0
662,0.0,1.0,0.4470972606182458,0.0,1.0,0.0,0.0,1.0
663,1.0,1.0,0.24604171902488062,0.1,1.0,0.0,0.0,1.0
664,0.0,0.5,0.39683337521990447,0.2,1.0,0.0,0.0,1.0
665,0.0,0.5,0.3088715757728072,0.0,1.0,0.0,0.0,1.0
666,0.0,1.0,0.42699170645890927,0.0,1.0,0.0,0.0,1.0
667,0.0,1.0,0.5350590600653431,0.0,1.0,0.0,0.0,1.0
668,1.0,0.0,0.4068861522995727,0.1,0.0,0.0,0.0,1.0
669,1.0,0.5,0.49736114601658704,0.2,0.0,0.0,0.0,1.0
670,0.0,0.0,0.38426740387031916,0.1,1.0,0.0,0.0,1.0
671,0.0,0.5,0.8743402865041467,0.0,1.0,0.0,0.0,1.0
672,1.0,0.5,0.38426740387031916,0.0,1.0,0.0,0.0,1.0
673,0.0,0.5,0.4219653179190751,0.0,1.0,0.0,0.0,1.0
674,0.0,1.0,0.22090977632571,0.0,1.0,0.0,0.0,1.0
675,0.0,1.0,0.30258859009801453,0.0,1.0,0.0,0.0,1.0
676,1.0,1.0,0.22090977632571,0.0,0.0,0.0,0.0,1.0
677,0.0,1.0,0.5350590600653431,0.7000000000000001,0.0,0.0,0.0,1.0
678,1.0,0.0,0.4470972606182458,0.1,1.0,1.0,0.0,0.0
679,0.0,1.0,0.3478260869565217,0.0,0.0,0.0,1.0,0.0
680,1.0,0.0,0.33400351847197784,0.0,1.0,1.0,0.0,0.0
681,0.0,1.0,0.24604171902488062,0.0,1.0,0.0,0.0,1.0
682,0.0,1.0,0.17064589092736868,0.7000000000000001,1.0,0.0,0.0,1.0
683,0.0,0.5,0.7486805730082936,0.2,1.0,0.0,0.0,1.0
684,0.0,0.5,0.3088715757728072,0.30000000000000004,1.0,1.0,0.0,0.0
685,0.0,1.0,0.17064589092736868,0.5,1.0,0.0,0.0,1.0
686,0.0,1.0,0.2334757476752953,0.0,1.0,0.0,0.0,1.0
687,0.0,1.0,0.22090977632571,0.0,1.0,0.0,0.0,1.0
688,1.0,0.0,0.18321186227695402,0.1,0.0,0.0,0.0,1.0
689,1.0,0.0,0.38426740387031916,0.1,1.0,0.0,0.0,1.0
690,1.0,1.0,0.04498617743151546,0.1,0.0,1.0,0.0,0.0
691,1.0,1.0,0.3691882382508168,0.0,1.0,0.0,0.0,1.0
692,0.0,1.0,0.3088715757728072,0.0,1.0,1.0,0.0,0.0
693,0.0,0.0,0.7486805730082936,0.0,1.0,0.0,0.0,1.0
694,0.0,0.5,0.648152802211611,0.0,1.0,0.0,0.0,1.0
695,0.0,1.0,0.5476250314149284,0.0,1.0,0.0,0.0,1.0
696,1.0,1.0,0.21588338778587585,0.0,0.0,0.0,1.0,0.0
697,0.0,0.0,0.610454888162855,0.2,1.0,1.0,0.0,0.0
698,0.0,1.0,0.5224930887157577,0.0,1.0,0.0,0.0,1.0
699,1.0,0.0,0.22090977632571,0.1,0.0,1.0,0.0,0.0
700,1.0,0.0,0.4345312892686604,0.0,1.0,0.0,0.0,1.0
701,0.0,1.0,0.22090977632571,0.1,0.0,1.0,0.0,0.0
702,0.0,1.0,0.3088715757728072,0.0,1.0,0.0,1.0,0.0
703,0.0,1.0,0.32143754712239253,0.1,1.0,0.0,0.0,1.0
704,0.0,0.5,0.4847951746670017,0.0,1.0,0.0,0.0,1.0
705,1.0,0.5,0.5601910027645137,0.0,0.0,0.0,0.0,1.0
706,1.0,0.0,0.5224930887157577,0.0,1.0,0.0,0.0,1.0
707,1.0,0.0,0.2711736617240512,0.0,0.0,0.0,0.0,1.0
708,1.0,1.0,0.21442573510932394,0.2,1.0,1.0,0.0,0.0
709,1.0,0.0,0.2963056044232219,0.0,0.0,1.0,0.0,0.0
710,0.0,0.0,0.7185222417692889,0.0,1.0,0.0,0.0,1.0
711,1.0,0.0,0.5978889168132697,0.1,1.0,0.0,0.0,1.0
712,0.0,1.0,0.35913546117114853,0.0,1.0,0.0,0.0,1.0
713,0.0,0.5,0.648152802211611,0.0,1.0,0.0,0.0,1.0
714,0.0,1.0,0.2334757476752953,0.0,1.0,0.0,0.0,1.0
715,1.0,0.0,0.4722292033174164,0.0,0.0,1.0,0.0,0.0
716,1.0,0.5,0.33400351847197784,0.0,0.0,0.0,0.0,1.0
717,0.0,1.0,0.5953757225433526,0.0,1.0,0.0,1.0,0.0
718,0.0,1.0,0.4093993465694898,0.0,1.0,0.0,0.0,1.0
719,1.0,0.5,0.0701181201306861,0.1,0.0,0.0,0.0,1.0
720,0.0,1.0,0.20834380497612465,0.1,1.0,0.0,0.0,1.0
721,0.0,0.5,0.4219653179190751,0.0,1.0,0.0,0.0,1.0
722,0.0,0.5,0.6230208595124404,0.0,1.0,0.0,0.0,1.0
723,1.0,0.0,0.33400351847197784,0.1,1.0,0.0,0.0,1.0
724,0.0,1.0,0.24604171902488062,0.0,1.0,0.0,0.0,1.0
725,1.0,0.5,0.37170143252073384,0.30000000000000004,0.0,0.0,0.0,1.0
726,1.0,1.0,0.21588338778587585,0.0,0.0,0.0,1.0,0.0
727,0.0,0.5,0.3088715757728072,0.1,1.0,0.0,0.0,1.0
728,0.0,1.0,0.3088715757728072,0.1,0.0,0.0,0.0,1.0
729,1.0,0.0,0.35913546117114853,0.0,0.0,0.0,0.0,1.0
730,0.0,1.0,0.1329479768786127,0.0,1.0,1.0,0.0,0.0
731,0.0,0.5,0.4219653179190751,0.0,1.0,0.0,0.0,1.0
732,0.0,0.5,0.2837396330736366,0.0,1.0,0.0,0.0,1.0
733,0.0,0.5,0.2837396330736366,0.0,1.0,0.0,0.0,1.0
734,0.0,1.0,0.35285247549635584,0.0,1.0,0.0,0.0,1.0
735,0.0,1.0,0.5978889168132697,0.4,0.0,0.0,0.0,1.0
736,1.0,0.0,0.4345312892686604,0.0,1.0,1.0,0.0,0.0
737,0.0,1.0,0.35913546117114853,0.0,1.0,0.0,0.0,1.0
738,0.0,1.0,0.35913546117114853,0.0,1.0,0.0,0.0,1.0
739,1.0,0.0,0.5853229454636844,0.0,1.0,0.0,0.0,1.0
740,0.0,0.0,0.4470972606182458,0.1,1.0,0.0,0.0,1.0
741,1.0,0.0,0.2586076903744659,0.4,0.0,1.0,0.0,0.0
742,0.0,1.0,0.2963056044232219,0.1,1.0,0.0,0.0,1.0
743,1.0,1.0,0.38426740387031916,0.0,1.0,0.0,0.0,1.0
744,0.0,0.0,0.8743402865041467,0.2,1.0,0.0,0.0,1.0
745,0.0,1.0,0.19577783362653933,0.2,1.0,0.0,0.0,1.0
746,1.0,0.5,0.37170143252073384,0.0,0.0,0.0,0.0,1.0
747,0.0,0.0,0.2334757476752953,0.1,1.0,0.0,0.0,1.0
748,0.0,1.0,0.38426740387031916,0.0,1.0,0.0,1.0,0.0
749,1.0,0.5,0.04498617743151546,0.2,0.0,0.0,0.0,1.0
750,1.0,1.0,0.0701181201306861,0.1,1.0,0.0,0.0,1.0
751,0.0,1.0,0.4093993465694898,0.0,1.0,0.0,0.0,1.0
752,0.0,1.0,0.2837396330736366,0.0,1.0,0.0,0.0,1.0
753,1.0,0.5,0.5978889168132697,0.30000000000000004,0.0,0.0,0.0,1.0
754,1.0,0.5,0.003141492837396331,0.2,1.0,0.0,0.0,1.0
755,0.0,1.0,0.34656948982156316,0.0,1.0,0.0,0.0,1.0
756,0.0,0.5,0.22090977632571,0.0,1.0,0.0,0.0,1.0
757,0.0,1.0,0.4219653179190751,0.0,1.0,0.0,0.0,1.0
758,1.0,0.0,0.4093993465694898,0.0,0.0,0.0,0.0,1.0
759,0.0,1.0,0.2648906760492586,0.0,1.0,0.0,0.0,1.0
760,0.0,1.0,0.5099271173661725,0.0,1.0,0.0,0.0,1.0
761,1.0,1.0,0.24604171902488062,0.0,1.0,1.0,0.0,0.0
762,1.0,0.0,0.4470972606182458,0.30000000000000004,0.0,0.0,0.0,1.0
763,0.0,1.0,0.19577783362653933,0.0,1.0,0.0,0.0,1.0
764,1.0,0.0,0.6355868308620256,0.1,0.0,0.0,0.0,1.0
765,0.0,0.0,0.728575018848957,0.0,1.0,1.0,0.0,0.0
766,0.0,1.0,0.3779844181955265,0.0,0.0,0.0,1.0,0.0
767,0.0,1.0,0.5325458657954261,0.1,1.0,0.0,1.0,0.0
768,0.0,1.0,0.39683337521990447,0.0,1.0,0.0,0.0,1.0
769,0.0,1.0,0.2963056044232219,0.0,1.0,0.0,0.0,1.0
770,0.0,1.0,0.5978889168132697,0.0,1.0,0.0,0.0,1.0
771,0.0,0.5,0.7109826589595376,0.0,0.0,0.0,0.0,1.0
772,0.0,1.0,0.40688615229957276,0.0,1.0,1.0,0.0,0.0
773,1.0,0.5,0.6732847449107816,0.4,0.0,0.0,0.0,1.0
774,0.0,1.0,0.22090977632571,0.0,1.0,0.0,0.0,1.0
775,0.0,1.0,0.5953757225433526,0.0,1.0,0.0,1.0,0.0
776,1.0,1.0,0.05755214878110078,0.0,0.0,0.0,0.0,1.0
777,0.0,1.0,0.4697160090474993,0.0,1.0,0.0,1.0,0.0
778,1.0,0.0,0.5350590600653431,0.1,0.0,0.0,0.0,1.0
779,1.0,1.0,0.15807991957778336,0.0,0.0,1.0,0.0,0.0
780,1.0,0.0,0.20834380497612465,0.1,0.0,0.0,0.0,1.0
781,0.0,0.0,0.35913546117114853,0.0,1.0,0.0,0.0,1.0
782,0.0,1.0,0.29881879869313893,0.30000000000000004,1.0,0.0,0.0,1.0
783,0.0,1.0,0.3088715757728072,0.0,1.0,0.0,0.0,1.0
784,0.0,1.0,0.3088715757728072,0.0,1.0,0.0,0.0,1.0
785,1.0,1.0,0.22090977632571,0.0,0.0,0.0,0.0,1.0
786,0.0,1.0,0.09525006282985675,0.5,1.0,0.0,1.0,0.0
787,1.0,1.0,0.007288263382759488,0.30000000000000004,1.0,0.0,0.0,1.0
788,0.0,0.0,0.5727569741140991,0.0,1.0,1.0,0.0,0.0
789,0.0,1.0,0.5953757225433526,0.0,1.0,0.0,1.0,0.0
790,0.0,0.5,0.19577783362653933,0.0,1.0,0.0,0.0,1.0
791,0.0,1.0,0.19075144508670522,1.0,0.0,0.0,0.0,1.0
792,0.0,0.0,0.6355868308620256,0.0,1.0,1.0,0.0,0.0
793,0.0,1.0,0.3088715757728072,0.0,1.0,0.0,0.0,1.0
794,0.0,0.5,0.4847951746670017,0.0,1.0,0.0,0.0,1.0
795,1.0,0.0,0.610454888162855,0.0,0.0,0.0,0.0,1.0
796,1.0,1.0,0.38426740387031916,0.0,0.0,0.0,0.0,1.0
797,0.0,1.0,0.37170143252073384,0.0,1.0,1.0,0.0,0.0
798,0.0,1.0,0.37170143252073384,0.2,0.0,0.0,0.0,1.0
799,0.0,0.5,0.4219653179190751,0.0,1.0,0.0,0.0,1.0
800,1.0,0.5,0.38426740387031916,0.2,0.0,0.0,0.0,1.0
801,1.0,0.0,0.1329479768786127,0.30000000000000004,1.0,0.0,0.0,1.0
802,1.0,1.0,0.0,0.1,1.0,1.0,0.0,0.0
803,1.0,1.0,0.33400351847197784,0.0,1.0,0.0,0.0,1.0
804,0.0,1.0,0.38426740387031916,0.0,1.0,0.0,0.0,1.0
805,0.0,0.0,0.4847951746670017,0.0,1.0,0.0,0.0,1.0
806,0.0,1.0,0.22090977632571,0.0,0.0,0.0,0.0,1.0
807,0.0,0.5,0.4847951746670017,0.0,1.0,0.0,0.0,1.0
808,1.0,0.0,0.4093993465694898,0.1,0.0,0.0,0.0,1.0
809,0.0,1.0,0.32143754712239253,0.0,1.0,0.0,0.0,1.0
810,0.0,1.0,0.4847951746670017,0.0,1.0,0.0,0.0,1.0
811,0.0,0.5,0.4345312892686604,0.0,1.0,0.0,0.0,1.0
812,0.0,1.0,0.0701181201306861,0.6000000000000001,0.0,0.0,0.0,1.0
813,0.0,1.0,0.3779844181955265,0.0,1.0,0.0,0.0,1.0
814,0.0,0.0,0.4898215632068359,0.0,1.0,0.0,0.0,1.0
815,0.0,1.0,0.2837396330736366,0.0,0.0,0.0,0.0,1.0
816,0.0,0.5,0.38426740387031916,0.2,1.0,1.0,0.0,0.0
817,0.0,1.0,0.5350590600653431,0.0,1.0,0.0,0.0,1.0
818,0.0,1.0,0.12038200552902739,0.5,1.0,0.0,0.0,1.0
819,1.0,0.0,0.648152802211611,0.2,0.0,0.0,0.0,1.0
820,1.0,1.0,0.33400351847197784,0.0,1.0,0.0,0.0,1.0
821,0.0,0.0,0.4722292033174164,0.0,1.0,0.0,0.0,1.0
822,1.0,1.0,0.33400351847197784,0.1,0.0,0.0,0.0,1.0
823,0.0,1.0,0.01985423473234481,0.5,1.0,0.0,0.0,1.0
824,0.0,1.0,0.41568233224428247,0.0,1.0,0.0,1.0,0.0
825,0.0,1.0,0.35787886403618996,0.0,1.0,0.0,0.0,1.0
826,1.0,0.5,0.007288263382759488,0.2,1.0,1.0,0.0,0.0
827,1.0,1.0,0.34531289268660464,0.0,1.0,0.0,1.0,0.0
828,1.0,1.0,0.18321186227695402,0.1,0.0,1.0,0.0,0.0
829,1.0,0.5,0.005152048253329982,0.2,1.0,0.0,0.0,1.0
830,0.0,1.0,0.3189243528524755,0.0,1.0,1.0,0.0,0.0
831,0.0,1.0,0.2837396330736366,0.0,1.0,0.0,0.0,1.0
832,0.0,1.0,0.22090977632571,0.0,1.0,0.0,0.0,1.0
833,1.0,0.0,0.4847951746670017,0.2,0.0,1.0,0.0,0.0
834,0.0,1.0,0.2586076903744659,0.0,1.0,0.0,0.0,1.0
835,0.0,1.0,0.4772555918572506,0.0,1.0,0.0,0.0,1.0
836,1.0,1.0,0.39683337521990447,0.0,1.0,0.0,0.0,1.0
837,1.0,0.0,0.4697160090474993,0.0,1.0,1.0,0.0,0.0
838,0.0,1.0,0.24604171902488062,0.0,1.0,0.0,0.0,1.0
839,0.0,0.5,0.19577783362653933,0.0,1.0,0.0,0.0,1.0
840,1.0,0.0,0.37170143252073384,0.0,0.0,1.0,0.0,0.0
841,0.0,1.0,0.4282483035938678,0.0,1.0,1.0,0.0,0.0
842,0.0,1.0,0.20834380497612465,0.0,1.0,0.0,0.0,1.0
843,0.0,1.0,0.5224930887157577,0.0,1.0,0.0,0.0,1.0
844,0.0,1.0,0.105302839909525,1.0,1.0,0.0,0.0,1.0
845,0.0,1.0,0.4345312892686604,0.0,1.0,1.0,0.0,0.0
846,0.0,0.5,0.34656948982156316,0.1,1.0,0.0,0.0,1.0
847,1.0,0.0,0.572756974114099,0.1,0.0,1.0,0.0,0.0
848,0.0,1.0,0.04498617743151546,0.6000000000000001,1.0,0.0,0.0,1.0
849,0.0,1.0,0.9246041719024881,0.0,1.0,0.0,0.0,1.0
850,0.0,1.0,0.10781603417944208,0.2,0.0,1.0,0.0,0.0
851,1.0,0.0,0.19577783362653933,0.1,0.0,0.0,0.0,1.0
852,0.0,0.5,0.5476250314149284,0.1,0.0,0.0,0.0,1.0
853,1.0,1.0,0.22090977632571,0.1,0.0,0.0,0.0,1.0
854,1.0,0.0,0.5601910027645137,0.2,0.0,0.0,0.0,1.0
855,1.0,0.0,0.6355868308620256,0.0,1.0,0.0,0.0,1.0
856,1.0,1.0,0.2963056044232219,0.30000000000000004,0.0,1.0,0.0,0.0
857,0.0,1.0,0.3189243528524755,0.0,1.0,1.0,0.0,0.0
858,0.0,1.0,0.5099271173661725,0.2,1.0,0.0,0.0,1.0
859,0.0,0.5,0.2586076903744659,0.1,1.0,0.0,0.0,1.0
860,1.0,0.0,0.5978889168132697,0.0,0.0,0.0,0.0,1.0
861,0.0,1.0,0.19075144508670522,1.0,0.0,0.0,0.0,1.0
862,0.0,0.5,0.2963056044232219,0.0,1.0,0.0,0.0,1.0
863,1.0,0.5,0.5224930887157577,0.0,0.0,0.0,0.0,1.0
864,1.0,0.5,0.33400351847197784,0.1,0.0,1.0,0.0,0.0
865,0.0,0.0,0.38426740387031916,0.0,1.0,0.0,0.0,1.0
866,0.0,1.0,0.3088715757728072,0.0,1.0,0.0,0.0,1.0
867,1.0,1.0,0.04498617743151546,0.2,1.0,0.0,0.0,1.0
868,0.0,1.0,0.32143754712239253,0.0,1.0,0.0,0.0,1.0
869,1.0,0.0,0.5853229454636844,0.2,0.0,0.0,0.0,1.0
870,0.0,0.0,0.4093993465694898,0.0,1.0,0.0,0.0,1.0
871,0.0,1.0,0.5853229454636844,0.0,1.0,0.0,0.0,1.0
872,1.0,0.5,0.34656948982156316,0.1,0.0,1.0,0.0,0.0
873,1.0,1.0,0.18321186227695402,0.0,0.0,1.0,0.0,0.0
874,0.0,1.0,0.24604171902488062,0.0,1.0,0.0,0.0,1.0
875,0.0,1.0,0.2334757476752953,0.0,1.0,0.0,0.0,1.0
876,0.0,1.0,0.35913546117114853,0.0,1.0,0.0,0.0,1.0
877,1.0,0.0,0.6984166876099522,0.1,0.0,1.0,0.0,0.0
878,1.0,0.5,0.3088715757728072,0.1,0.0,0.0,0.0,1.0
879,0.0,1.0,0.4093993465694898,0.0,1.0,0.0,0.0,1.0
880,0.0,1.0,0.2711736617240512,0.0,0.0,0.0,0.0,1.0
881,0.0,0.5,0.34656948982156316,0.0,1.0,0.0,0.0,1.0
882,0.0,1.0,0.3088715757728072,0.0,1.0,0.0,0.0,1.0
883,0.0,1.0,0.4847951746670017,0.5,0.0,0.0,1.0,0.0
884,0.0,0.5,0.33400351847197784,0.0,1.0,0.0,0.0,1.0
885,1.0,0.0,0.2334757476752953,0.0,0.0,0.0,0.0,1.0
886,0.0,1.0,0.1957778336265393,0.30000000000000004,0.0,0.0,0.0,1.0
887,1.0,0.0,0.32143754712239253,0.0,1.0,1.0,0.0,0.0
888,0.0,1.0,0.39683337521990447,0.0,1.0,0.0,1.0,0.0
